{"cameraMode":{"drawMode":0,"name":"Shaded","section":"Shading Mode"},"sceneLighting":true,"audioPlay":false,"sceneViewState":{"m_AlwaysRefresh":false,"showFog":true,"showSkybox":true,"showFlares":true,"showImageEffects":true,"showParticleSystems":true,"showVisualEffectGraphs":true,"m_FxEnabled":true},"in2DMode":false,"pivot":{"x":-7.913890838623047,"y":4.575815200805664,"z":-5.050498962402344},"rotation":{"x":-0.00310088531114161,"y":-0.9691327810287476,"z":0.24642826616764069,"w":-0.012221314944326878},"size":13.608617782592774,"orthographic":true}