{"cameraMode":{"drawMode":0,"name":"Shaded","section":"Shading Mode"},"sceneLighting":true,"audioPlay":false,"sceneViewState":{"m_AlwaysRefresh":false,"showFog":true,"showSkybox":true,"showFlares":true,"showImageEffects":true,"showParticleSystems":true,"showVisualEffectGraphs":true,"m_FxEnabled":true},"in2DMode":false,"pivot":{"x":16.73181915283203,"y":10.153024673461914,"z":-10.541400909423829},"rotation":{"x":0.1002550721168518,"y":-0.03969188407063484,"z":0.004015475977212191,"w":0.994204044342041},"size":39.13856506347656,"orthographic":true}