{"cameraMode":{"drawMode":0,"name":"Shaded","section":"Shading Mode"},"sceneLighting":true,"audioPlay":false,"sceneViewState":{"m_AlwaysRefresh":false,"showFog":true,"showSkybox":true,"showFlares":true,"showImageEffects":true,"showParticleSystems":true,"showVisualEffectGraphs":true,"m_FxEnabled":true},"in2DMode":false,"pivot":{"x":2.948667049407959,"y":1.2000406980514527,"z":1.1825459003448487},"rotation":{"x":0.11841252446174622,"y":-0.7625759840011597,"z":0.14587083458900453,"w":0.6190622448921204},"size":5.037118911743164,"orthographic":true}